{
    "Version": "2012-10-17",
    "Statement": [
        {
            "Effect": "Allow",
            "Action": [
                "dynamodb:GetItem",
                "dynamodb:PutItem",
                "dynamodb:Query",
                "dynamodb:Scan",
                "dynamodb:UpdateItem",
                "dynamodb:DeleteItem",
                "dynamodb:DescribeTable"
            ],
            "Resource": [
                "arn:aws:dynamodb:us-west-2:872515281428:table/Users",
                "arn:aws:dynamodb:us-west-2:872515281428:table/Activities"
            ]
        }
    ]
}
EOF < /dev/null